parent,height,prop1,prop2
-1,0.0,0.0,0.0
0,0.1,0.1,0.010000000000000002
0,0.2,0.2,0.04000000000000001
0,0.5,0.5,0.25
3,0.8,0.3,0.09
3,0.9,0.4,0.16000000000000003
0,0.35,0.35,0.12249999999999998
6,0.6,0.25,0.0625
6,0.75,0.4,0.16000000000000003
8,0.85,0.1,0.010000000000000002
8,0.9,0.15,0.0225
0,0.25,0.25,0.0625
0,0.3,0.3,0.09
12,0.4,0.1,0.010000000000000002
12,0.5,0.2,0.04000000000000001
