prop1,prop2
5.0,0.0
5.1,0.010000000000000002
5.2,0.04000000000000001
5.5,0.25
5.3,0.09
5.4,0.16000000000000003
5.35,0.12249999999999998
5.25,0.0625
5.4,0.16000000000000003
5.1,0.010000000000000002
5.15,0.0225
5.25,0.0625
5.3,0.09
5.1,0.010000000000000002
5.2,0.04000000000000001
